seed,num_clients,alpha,security_mode,aggregator,attack,malicious_fraction,accuracy,auroc,precision,recall,f1,sensitivity,specificity,val_accuracy,mean_round_latency_s,std_round_latency_s,rounds_to_convergence
11,25,0.1,classical,fedavg,none,0.0,0.34935897435897434,0.45897435897435895,0.25,0.020512820512820513,0.037914691943127965,0.020512820512820513,0.8974358974358975,0.2767175572519084,13.403544070000066,0.1810053459214037,20
11,25,0.1,hybrid_pq,fedavg,none,0.0,0.34935897435897434,0.45897435897435895,0.25,0.020512820512820513,0.037914691943127965,0.020512820512820513,0.8974358974358975,0.2767175572519084,13.381363174999924,0.1585791114883174,20
11,25,0.1,native_pq,fedavg,none,0.0,0.34935897435897434,0.45897435897435895,0.25,0.020512820512820513,0.037914691943127965,0.020512820512820513,0.8974358974358975,0.2767175572519084,13.391829455000007,0.16373912810559266,20
11,25,0.5,classical,fedavg,none,0.0,0.3525641025641026,0.4632478632478632,0.26666666666666666,0.020512820512820513,0.0380952380952381,0.020512820512820513,0.905982905982906,0.2729007633587786,13.489948790000039,0.20690425424145495,20
11,25,0.5,hybrid_pq,fedavg,none,0.0,0.3525641025641026,0.4632478632478632,0.26666666666666666,0.020512820512820513,0.0380952380952381,0.020512820512820513,0.905982905982906,0.2729007633587786,13.474423300000073,0.1539784707371038,20
11,25,0.5,native_pq,fedavg,none,0.0,0.3525641025641026,0.4632478632478632,0.26666666666666666,0.020512820512820513,0.0380952380952381,0.020512820512820513,0.905982905982906,0.2729007633587786,13.513909025000013,0.18551967346818504,20
11,25,1.0,classical,fedavg,none,0.0,0.3525641025641026,0.4632478632478632,0.26666666666666666,0.020512820512820513,0.0380952380952381,0.020512820512820513,0.905982905982906,0.2729007633587786,13.366521414999966,0.15626054876900752,20
11,25,1.0,hybrid_pq,fedavg,none,0.0,0.3525641025641026,0.4632478632478632,0.26666666666666666,0.020512820512820513,0.0380952380952381,0.020512820512820513,0.905982905982906,0.2729007633587786,13.428873964999994,0.1741552044635517,20
11,25,1.0,native_pq,fedavg,none,0.0,0.3525641025641026,0.4632478632478632,0.26666666666666666,0.020512820512820513,0.0380952380952381,0.020512820512820513,0.905982905982906,0.2729007633587786,13.406173935000098,0.13891506725981914,20
11,5,1.0,classical,fedavg,none,0.0,0.6698717948717948,0.6256410256410256,0.7081447963800905,0.8025641025641026,0.7524038461538461,0.8025641025641026,0.44871794871794873,0.7041984732824428,11.474122450000108,0.13645583626744512,20
11,5,1.0,hybrid_pq,fedavg,none,0.0,0.6698717948717948,0.6256410256410256,0.7081447963800905,0.8025641025641026,0.7524038461538461,0.8025641025641026,0.44871794871794873,0.7041984732824428,11.498092774999979,0.18974490042362532,20
11,5,1.0,native_pq,fedavg,none,0.0,0.6698717948717948,0.6256410256410256,0.7081447963800905,0.8025641025641026,0.7524038461538461,0.8025641025641026,0.44871794871794873,0.7041984732824428,11.437128489999978,0.16317030901756915,20
11,10,1.0,classical,fedavg,none,0.0,0.6939102564102564,0.6004273504273504,0.6773618538324421,0.9743589743589743,0.7991587802313355,0.9743589743589743,0.2264957264957265,0.8225190839694656,11.850505119999966,0.15509530678074043,20
11,10,1.0,hybrid_pq,fedavg,none,0.0,0.6939102564102564,0.6004273504273504,0.6773618538324421,0.9743589743589743,0.7991587802313355,0.9743589743589743,0.2264957264957265,0.8225190839694656,11.776791639999896,0.1646899391684614,20
11,10,1.0,native_pq,fedavg,none,0.0,0.6939102564102564,0.6004273504273504,0.6773618538324421,0.9743589743589743,0.7991587802313355,0.9743589743589743,0.2264957264957265,0.8225190839694656,11.761237094999956,0.11599215729043162,20
11,25,1.0,classical,fedavg,none,0.0,0.3525641025641026,0.4632478632478632,0.26666666666666666,0.020512820512820513,0.0380952380952381,0.020512820512820513,0.905982905982906,0.2729007633587786,13.656822985000076,0.31316958074336915,20
11,25,1.0,hybrid_pq,fedavg,none,0.0,0.3525641025641026,0.4632478632478632,0.26666666666666666,0.020512820512820513,0.0380952380952381,0.020512820512820513,0.905982905982906,0.2729007633587786,13.455755669999817,0.18631992532269062,20
11,25,1.0,native_pq,fedavg,none,0.0,0.3525641025641026,0.4632478632478632,0.26666666666666666,0.020512820512820513,0.0380952380952381,0.020512820512820513,0.905982905982906,0.2729007633587786,13.547484175000083,0.29504027064815336,20
11,50,1.0,classical,fedavg,none,0.0,0.6153846153846154,0.49743589743589745,0.6237623762376238,0.9692307692307692,0.7590361445783133,0.9692307692307692,0.02564102564102564,0.7118320610687023,19.388529394999978,0.2117800419865599,20
11,50,1.0,hybrid_pq,fedavg,none,0.0,0.6153846153846154,0.49743589743589745,0.6237623762376238,0.9692307692307692,0.7590361445783133,0.9692307692307692,0.02564102564102564,0.7118320610687023,19.26596743499984,0.1981786084279744,20
11,50,1.0,native_pq,fedavg,none,0.0,0.6153846153846154,0.49743589743589745,0.6237623762376238,0.9692307692307692,0.7590361445783133,0.9692307692307692,0.02564102564102564,0.7118320610687023,19.295244025000176,0.2707389875793228,20
11,25,1.0,native_pq,median,none,0.0,0.375,,0.0,0.0,0.0,0.0,1.0,0.25763358778625955,13.272227699999931,0.1831436469616347,20
11,25,1.0,native_pq,krum,none,0.0,0.375,,0.0,0.0,0.0,0.0,1.0,0.25763358778625955,13.401032679999881,0.18705909152141464,20
11,25,1.0,native_pq,fedavg,label_flip,0.1,0.4567307692307692,0.40726495726495726,0.5605700712589073,0.6051282051282051,0.5819975339087546,0.6051282051282051,0.2094017094017094,0.45229007633587787,13.423146564999879,0.16252468945630338,20
11,25,1.0,native_pq,median,label_flip,0.1,0.375,,0.0,0.0,0.0,0.0,1.0,0.25763358778625955,13.331980490000424,0.17086087736734906,20
11,25,1.0,native_pq,krum,label_flip,0.1,0.375,,0.0,0.0,0.0,0.0,1.0,0.25763358778625955,13.339787135000133,0.17790963950254637,20
11,25,1.0,native_pq,fedavg,label_flip,0.2,0.6266025641025641,0.502991452991453,0.6264090177133655,0.9974358974358974,0.7695351137487636,0.9974358974358974,0.008547008547008548,0.7385496183206107,13.453366759999827,0.1408100624328753,20
11,25,1.0,native_pq,median,label_flip,0.2,0.375,,0.0,0.0,0.0,0.0,1.0,0.25763358778625955,13.290179890000072,0.23994016174898744,20
11,25,1.0,native_pq,krum,label_flip,0.2,0.375,,0.0,0.0,0.0,0.0,1.0,0.25763358778625955,13.441308225000048,0.18129297584634457,20
11,25,1.0,native_pq,krum,sign_flip,0.2,0.375,,0.0,0.0,0.0,0.0,1.0,0.25763358778625955,13.541250380000056,0.338579585441094,20
22,25,0.1,classical,fedavg,none,0.0,0.3557692307692308,0.47264957264957264,0.125,0.005128205128205128,0.009852216748768473,0.005128205128205128,0.9401709401709402,0.26145038167938933,13.471375755000214,0.1920434448190592,20
22,25,0.1,hybrid_pq,fedavg,none,0.0,0.3557692307692308,0.47264957264957264,0.125,0.005128205128205128,0.009852216748768473,0.005128205128205128,0.9401709401709402,0.26145038167938933,13.67472419000018,0.31297020749969534,20
22,25,0.1,native_pq,fedavg,none,0.0,0.3557692307692308,0.47264957264957264,0.125,0.005128205128205128,0.009852216748768473,0.005128205128205128,0.9401709401709402,0.26145038167938933,13.54762625999987,0.20473155900696438,20
22,25,0.5,classical,fedavg,none,0.0,0.3525641025641026,0.4632478632478632,0.26666666666666666,0.020512820512820513,0.0380952380952381,0.020512820512820513,0.905982905982906,0.2729007633587786,13.571643089999565,0.36120734164392876,20
22,25,0.5,hybrid_pq,fedavg,none,0.0,0.3525641025641026,0.4632478632478632,0.26666666666666666,0.020512820512820513,0.0380952380952381,0.020512820512820513,0.905982905982906,0.2729007633587786,13.664845774999995,0.3908131914487403,20
22,25,0.5,native_pq,fedavg,none,0.0,0.3525641025641026,0.4632478632478632,0.26666666666666666,0.020512820512820513,0.0380952380952381,0.020512820512820513,0.905982905982906,0.2729007633587786,13.794268044999935,0.6618710363700429,20
22,25,1.0,classical,fedavg,none,0.0,0.3525641025641026,0.4632478632478632,0.26666666666666666,0.020512820512820513,0.0380952380952381,0.020512820512820513,0.905982905982906,0.2729007633587786,13.995670069999893,0.5890271315692303,20
22,25,1.0,hybrid_pq,fedavg,none,0.0,0.3525641025641026,0.4632478632478632,0.26666666666666666,0.020512820512820513,0.0380952380952381,0.020512820512820513,0.905982905982906,0.2729007633587786,13.976727835000148,0.30689126369898945,20
22,25,1.0,native_pq,fedavg,none,0.0,0.3525641025641026,0.4632478632478632,0.26666666666666666,0.020512820512820513,0.0380952380952381,0.020512820512820513,0.905982905982906,0.2729007633587786,13.860799960000113,0.3331425189976471,20
22,5,1.0,classical,fedavg,none,0.0,0.6201923076923077,0.5294871794871795,0.6408839779005525,0.8923076923076924,0.7459807073954984,0.8923076923076924,0.16666666666666666,0.6851145038167938,11.763967470000047,0.4137897651970515,20
22,5,1.0,hybrid_pq,fedavg,none,0.0,0.6201923076923077,0.5294871794871795,0.6408839779005525,0.8923076923076924,0.7459807073954984,0.8923076923076924,0.16666666666666666,0.6851145038167938,11.731425809999829,0.2634732422710812,20
22,5,1.0,native_pq,fedavg,none,0.0,0.6201923076923077,0.5294871794871795,0.6408839779005525,0.8923076923076924,0.7459807073954984,0.8923076923076924,0.16666666666666666,0.6851145038167938,11.641530135000167,0.19203870185713837,20
22,10,1.0,classical,fedavg,none,0.0,0.7516025641025641,0.7029914529914529,0.7526881720430108,0.8974358974358975,0.8187134502923976,0.8974358974358975,0.5085470085470085,0.8091603053435115,12.057298125000065,0.28334226611236596,20
22,10,1.0,hybrid_pq,fedavg,none,0.0,0.7516025641025641,0.7029914529914529,0.7526881720430108,0.8974358974358975,0.8187134502923976,0.8974358974358975,0.5085470085470085,0.8091603053435115,12.01253460000014,0.2594635664458632,20
22,10,1.0,native_pq,fedavg,none,0.0,0.7516025641025641,0.7029914529914529,0.7526881720430108,0.8974358974358975,0.8187134502923976,0.8974358974358975,0.5085470085470085,0.8091603053435115,12.035331150000435,0.2935776379925025,20
22,25,1.0,classical,fedavg,none,0.0,0.3525641025641026,0.4632478632478632,0.26666666666666666,0.020512820512820513,0.0380952380952381,0.020512820512820513,0.905982905982906,0.2729007633587786,13.790488319999644,0.32204771728253,20
22,25,1.0,hybrid_pq,fedavg,none,0.0,0.3525641025641026,0.4632478632478632,0.26666666666666666,0.020512820512820513,0.0380952380952381,0.020512820512820513,0.905982905982906,0.2729007633587786,13.816598545000161,0.42721387349896833,20
22,25,1.0,native_pq,fedavg,none,0.0,0.3525641025641026,0.4632478632478632,0.26666666666666666,0.020512820512820513,0.0380952380952381,0.020512820512820513,0.905982905982906,0.2729007633587786,13.731188610000427,0.21980273452714846,20
22,50,1.0,classical,fedavg,none,0.0,0.6153846153846154,0.49743589743589745,0.6237623762376238,0.9692307692307692,0.7590361445783133,0.9692307692307692,0.02564102564102564,0.7118320610687023,19.63974768000012,0.20579826033733994,20
22,50,1.0,hybrid_pq,fedavg,none,0.0,0.6153846153846154,0.49743589743589745,0.6237623762376238,0.9692307692307692,0.7590361445783133,0.9692307692307692,0.02564102564102564,0.7118320610687023,19.61478974500031,0.33206833714534606,20
22,50,1.0,native_pq,fedavg,none,0.0,0.6153846153846154,0.49743589743589745,0.6237623762376238,0.9692307692307692,0.7590361445783133,0.9692307692307692,0.02564102564102564,0.7118320610687023,19.618094420000016,0.23155448583503382,20
22,25,1.0,native_pq,median,none,0.0,0.375,,0.0,0.0,0.0,0.0,1.0,0.25763358778625955,13.731919049999888,0.387199342863895,20
22,25,1.0,native_pq,krum,none,0.0,0.375,,0.0,0.0,0.0,0.0,1.0,0.25763358778625955,13.818218925000329,0.3181253098871108,20
22,25,1.0,native_pq,fedavg,label_flip,0.1,0.3894230769230769,0.45170940170940166,0.5302013422818792,0.20256410256410257,0.29313543599257885,0.20256410256410257,0.7008547008547008,0.3416030534351145,13.922513694999944,0.3621765541366446,20
22,25,1.0,native_pq,median,label_flip,0.1,0.375,,0.0,0.0,0.0,0.0,1.0,0.25763358778625955,14.398680269999605,0.9649395983020168,20
22,25,1.0,native_pq,krum,label_flip,0.1,0.375,,0.0,0.0,0.0,0.0,1.0,0.25763358778625955,13.757043850000482,0.23534642772450326,20
22,25,1.0,native_pq,fedavg,label_flip,0.2,0.625,0.5,0.625,1.0,0.7692307692307693,1.0,0.0,0.7423664122137404,13.927732910000705,0.3221336103396501,20
22,25,1.0,native_pq,median,label_flip,0.2,0.375,,0.0,0.0,0.0,0.0,1.0,0.25763358778625955,13.662019245000229,0.21102719594021832,20
22,25,1.0,native_pq,krum,label_flip,0.2,0.375,,0.0,0.0,0.0,0.0,1.0,0.25763358778625955,13.733872275000468,0.2644915549713771,20
22,25,1.0,native_pq,krum,sign_flip,0.2,0.375,,0.0,0.0,0.0,0.0,1.0,0.25763358778625955,13.886502129999863,0.3200881726369104,20
33,25,0.1,classical,fedavg,none,0.0,0.3525641025641026,0.4632478632478632,0.26666666666666666,0.020512820512820513,0.0380952380952381,0.020512820512820513,0.905982905982906,0.2729007633587786,13.705310310000026,0.1788207209195939,20
33,25,0.1,hybrid_pq,fedavg,none,0.0,0.3525641025641026,0.4632478632478632,0.26666666666666666,0.020512820512820513,0.0380952380952381,0.020512820512820513,0.905982905982906,0.2729007633587786,13.688647570000139,0.2652406286977318,20
33,25,0.1,native_pq,fedavg,none,0.0,0.3525641025641026,0.4632478632478632,0.26666666666666666,0.020512820512820513,0.0380952380952381,0.020512820512820513,0.905982905982906,0.2729007633587786,13.877444269999833,0.28510766839179696,20
33,25,0.5,classical,fedavg,none,0.0,0.3525641025641026,0.4632478632478632,0.26666666666666666,0.020512820512820513,0.0380952380952381,0.020512820512820513,0.905982905982906,0.27099236641221375,13.830544979999763,0.2186413704342861,20
33,25,0.5,hybrid_pq,fedavg,none,0.0,0.3525641025641026,0.4632478632478632,0.26666666666666666,0.020512820512820513,0.0380952380952381,0.020512820512820513,0.905982905982906,0.27099236641221375,13.881096085000028,0.2849424702092367,20
33,25,0.5,native_pq,fedavg,none,0.0,0.3525641025641026,0.4632478632478632,0.26666666666666666,0.020512820512820513,0.0380952380952381,0.020512820512820513,0.905982905982906,0.27099236641221375,13.802114105000182,0.2693064173155274,20
33,25,1.0,classical,fedavg,none,0.0,0.3525641025641026,0.4632478632478632,0.26666666666666666,0.020512820512820513,0.0380952380952381,0.020512820512820513,0.905982905982906,0.2729007633587786,13.76402374499969,0.2557657231488969,20
33,25,1.0,hybrid_pq,fedavg,none,0.0,0.3525641025641026,0.4632478632478632,0.26666666666666666,0.020512820512820513,0.0380952380952381,0.020512820512820513,0.905982905982906,0.2729007633587786,13.837914605000005,0.33817927981654716,20
33,25,1.0,native_pq,fedavg,none,0.0,0.3525641025641026,0.4632478632478632,0.26666666666666666,0.020512820512820513,0.0380952380952381,0.020512820512820513,0.905982905982906,0.2729007633587786,13.928556794999569,0.3225896764944493,20
33,5,1.0,classical,fedavg,none,0.0,0.6971153846153846,0.6722222222222222,0.7506234413965087,0.7717948717948718,0.7610619469026548,0.7717948717948718,0.5726495726495726,0.7614503816793893,11.998425465000095,0.42637849568223835,20
33,5,1.0,hybrid_pq,fedavg,none,0.0,0.6971153846153846,0.6722222222222222,0.7506234413965087,0.7717948717948718,0.7610619469026548,0.7717948717948718,0.5726495726495726,0.7614503816793893,11.761804079999902,0.35532804093385445,20
33,5,1.0,native_pq,fedavg,none,0.0,0.6971153846153846,0.6722222222222222,0.7506234413965087,0.7717948717948718,0.7610619469026548,0.7717948717948718,0.5726495726495726,0.7614503816793893,11.626692770000128,0.23805348922828054,20
33,10,1.0,classical,fedavg,none,0.0,0.6314102564102564,0.6931623931623931,0.925531914893617,0.4461538461538462,0.6020761245674741,0.4461538461538462,0.9401709401709402,0.6087786259541985,11.939702100000009,0.34787644614904983,20
33,10,1.0,hybrid_pq,fedavg,none,0.0,0.6314102564102564,0.6931623931623931,0.925531914893617,0.4461538461538462,0.6020761245674741,0.4461538461538462,0.9401709401709402,0.6087786259541985,12.098728485000333,0.22317924242889742,20
33,10,1.0,native_pq,fedavg,none,0.0,0.6314102564102564,0.6931623931623931,0.925531914893617,0.4461538461538462,0.6020761245674741,0.4461538461538462,0.9401709401709402,0.6087786259541985,12.022133405000545,0.3005301914543346,20
33,25,1.0,classical,fedavg,none,0.0,0.3525641025641026,0.4632478632478632,0.26666666666666666,0.020512820512820513,0.0380952380952381,0.020512820512820513,0.905982905982906,0.2729007633587786,13.807382964999965,0.26588200025439346,20
33,25,1.0,hybrid_pq,fedavg,none,0.0,0.3525641025641026,0.4632478632478632,0.26666666666666666,0.020512820512820513,0.0380952380952381,0.020512820512820513,0.905982905982906,0.2729007633587786,13.899633559999566,0.28180161506304013,20
33,25,1.0,native_pq,fedavg,none,0.0,0.3525641025641026,0.4632478632478632,0.26666666666666666,0.020512820512820513,0.0380952380952381,0.020512820512820513,0.905982905982906,0.2729007633587786,13.903868344999902,0.2174414030394832,20
33,50,1.0,classical,fedavg,none,0.0,0.6153846153846154,0.49743589743589745,0.6237623762376238,0.9692307692307692,0.7590361445783133,0.9692307692307692,0.02564102564102564,0.7118320610687023,19.68783554000006,0.41968720913507246,20
33,50,1.0,hybrid_pq,fedavg,none,0.0,0.6153846153846154,0.49743589743589745,0.6237623762376238,0.9692307692307692,0.7590361445783133,0.9692307692307692,0.02564102564102564,0.7118320610687023,19.650095680000305,0.21519657632045797,20
33,50,1.0,native_pq,fedavg,none,0.0,0.6153846153846154,0.49743589743589745,0.6237623762376238,0.9692307692307692,0.7590361445783133,0.9692307692307692,0.02564102564102564,0.7118320610687023,19.57267186499983,0.3415887494162371,20
33,25,1.0,native_pq,median,none,0.0,0.375,,0.0,0.0,0.0,0.0,1.0,0.25763358778625955,13.654647079999851,0.3749409272744832,20
33,25,1.0,native_pq,krum,none,0.0,0.375,,0.0,0.0,0.0,0.0,1.0,0.25763358778625955,13.68349541000047,0.29432509720030803,20
33,25,1.0,native_pq,fedavg,label_flip,0.1,0.4230769230769231,0.3700854700854701,0.535377358490566,0.5820512820512821,0.5577395577395577,0.5820512820512821,0.1581196581196581,0.5515267175572519,13.952712130000364,0.289367815906574,20
33,25,1.0,native_pq,median,label_flip,0.1,0.375,,0.0,0.0,0.0,0.0,1.0,0.25763358778625955,15.704869854999597,3.5397304038890147,20
33,25,1.0,native_pq,krum,label_flip,0.1,0.375,,0.0,0.0,0.0,0.0,1.0,0.25763358778625955,15.956962639999839,3.7201579366109643,20
33,25,1.0,native_pq,fedavg,label_flip,0.2,0.625,0.5,0.625,1.0,0.7692307692307693,1.0,0.0,0.7423664122137404,18.062420899999815,3.728479905188509,20
33,25,1.0,native_pq,median,label_flip,0.2,0.375,,0.0,0.0,0.0,0.0,1.0,0.25763358778625955,19.560150000000103,2.7103451760344384,20
33,25,1.0,native_pq,krum,label_flip,0.2,0.375,,0.0,0.0,0.0,0.0,1.0,0.25763358778625955,32.3433998199997,9.375417140019083,20
33,25,1.0,native_pq,krum,sign_flip,0.2,0.375,,0.0,0.0,0.0,0.0,1.0,0.25763358778625955,27.83648669499912,10.772858458093785,20
44,25,0.1,classical,fedavg,none,0.0,0.3557692307692308,0.47264957264957264,0.125,0.005128205128205128,0.009852216748768473,0.005128205128205128,0.9401709401709402,0.26145038167938933,32.01459720500037,8.88271130668725,20
44,25,0.1,hybrid_pq,fedavg,none,0.0,0.3557692307692308,0.47264957264957264,0.125,0.005128205128205128,0.009852216748768473,0.005128205128205128,0.9401709401709402,0.26145038167938933,23.72868786499934,7.093051075397082,20
44,25,0.1,native_pq,fedavg,none,0.0,0.3557692307692308,0.47264957264957264,0.125,0.005128205128205128,0.009852216748768473,0.005128205128205128,0.9401709401709402,0.26145038167938933,26.72990928000022,12.471061136377976,20
44,25,0.5,classical,fedavg,none,0.0,0.3525641025641026,0.4632478632478632,0.26666666666666666,0.020512820512820513,0.0380952380952381,0.020512820512820513,0.905982905982906,0.2729007633587786,23.75075691000086,11.461486977341186,20
44,25,0.5,hybrid_pq,fedavg,none,0.0,0.3525641025641026,0.4632478632478632,0.26666666666666666,0.020512820512820513,0.0380952380952381,0.020512820512820513,0.905982905982906,0.2729007633587786,14.074632264998254,0.22335353365722824,20
44,25,0.5,native_pq,fedavg,none,0.0,0.3525641025641026,0.4632478632478632,0.26666666666666666,0.020512820512820513,0.0380952380952381,0.020512820512820513,0.905982905982906,0.2729007633587786,14.277733265001043,0.35294449287472596,20
44,25,1.0,classical,fedavg,none,0.0,0.3525641025641026,0.4632478632478632,0.26666666666666666,0.020512820512820513,0.0380952380952381,0.020512820512820513,0.905982905982906,0.2729007633587786,14.117973655000355,0.1954398155800693,20
44,25,1.0,hybrid_pq,fedavg,none,0.0,0.3525641025641026,0.4632478632478632,0.26666666666666666,0.020512820512820513,0.0380952380952381,0.020512820512820513,0.905982905982906,0.2729007633587786,14.127605920001262,0.24758564863163768,20
44,25,1.0,native_pq,fedavg,none,0.0,0.3525641025641026,0.4632478632478632,0.26666666666666666,0.020512820512820513,0.0380952380952381,0.020512820512820513,0.905982905982906,0.2729007633587786,14.169120834999958,0.21952635580731686,20
44,5,1.0,classical,fedavg,none,0.0,0.6955128205128205,0.6504273504273506,0.7232142857142857,0.8307692307692308,0.7732696897374701,0.8307692307692308,0.4700854700854701,0.7404580152671756,12.18994690499991,0.2371061191853902,20
44,5,1.0,hybrid_pq,fedavg,none,0.0,0.6955128205128205,0.6504273504273506,0.7232142857142857,0.8307692307692308,0.7732696897374701,0.8307692307692308,0.4700854700854701,0.7404580152671756,12.286252994999895,0.2082657652098654,20
44,5,1.0,native_pq,fedavg,none,0.0,0.6955128205128205,0.6504273504273506,0.7232142857142857,0.8307692307692308,0.7732696897374701,0.8307692307692308,0.4700854700854701,0.7404580152671756,12.086211724999966,0.19905352273369184,20
44,10,1.0,classical,fedavg,none,0.0,0.6794871794871795,0.5777777777777777,0.6643598615916955,0.9846153846153847,0.7933884297520661,0.9846153846153847,0.17094017094017094,0.7881679389312977,12.377142705000491,0.22480064499594313,20
44,10,1.0,hybrid_pq,fedavg,none,0.0,0.6794871794871795,0.5777777777777777,0.6643598615916955,0.9846153846153847,0.7933884297520661,0.9846153846153847,0.17094017094017094,0.7881679389312977,12.318144785000708,0.19774114429117773,20
44,10,1.0,native_pq,fedavg,none,0.0,0.6794871794871795,0.5777777777777777,0.6643598615916955,0.9846153846153847,0.7933884297520661,0.9846153846153847,0.17094017094017094,0.7881679389312977,12.390427309998426,0.16875189639666566,20
44,25,1.0,classical,fedavg,none,0.0,0.3525641025641026,0.4632478632478632,0.26666666666666666,0.020512820512820513,0.0380952380952381,0.020512820512820513,0.905982905982906,0.2729007633587786,14.081853420000083,0.21493458418969155,20
44,25,1.0,hybrid_pq,fedavg,none,0.0,0.3525641025641026,0.4632478632478632,0.26666666666666666,0.020512820512820513,0.0380952380952381,0.020512820512820513,0.905982905982906,0.2729007633587786,14.097023564999873,0.2117614255335171,20
44,25,1.0,native_pq,fedavg,none,0.0,0.3525641025641026,0.4632478632478632,0.26666666666666666,0.020512820512820513,0.0380952380952381,0.020512820512820513,0.905982905982906,0.2729007633587786,14.070375039998945,0.23497870202970295,20
44,50,1.0,classical,fedavg,none,0.0,0.6153846153846154,0.49743589743589745,0.6237623762376238,0.9692307692307692,0.7590361445783133,0.9692307692307692,0.02564102564102564,0.7118320610687023,19.689988870000754,0.22377803952715372,20
44,50,1.0,hybrid_pq,fedavg,none,0.0,0.6153846153846154,0.49743589743589745,0.6237623762376238,0.9692307692307692,0.7590361445783133,0.9692307692307692,0.02564102564102564,0.7118320610687023,19.82555564999864,0.25764555644894616,20
44,50,1.0,native_pq,fedavg,none,0.0,0.6153846153846154,0.49743589743589745,0.6237623762376238,0.9692307692307692,0.7590361445783133,0.9692307692307692,0.02564102564102564,0.7118320610687023,19.80789246000066,0.2998627948545111,20
44,25,1.0,native_pq,median,none,0.0,0.375,,0.0,0.0,0.0,0.0,1.0,0.25763358778625955,13.983469824999375,0.1992873275483659,20
44,25,1.0,native_pq,krum,none,0.0,0.375,,0.0,0.0,0.0,0.0,1.0,0.25763358778625955,14.122970819999718,0.260762589278284,20
44,25,1.0,native_pq,fedavg,label_flip,0.1,0.2708333333333333,0.29615384615384616,0.35023041474654376,0.19487179487179487,0.2504118616144975,0.19487179487179487,0.3974358974358974,0.2633587786259542,14.133765474999418,0.23865088002427026,20
44,25,1.0,native_pq,median,label_flip,0.1,0.375,,0.0,0.0,0.0,0.0,1.0,0.25763358778625955,13.973562854999582,0.1953756043866664,20
44,25,1.0,native_pq,krum,label_flip,0.1,0.375,,0.0,0.0,0.0,0.0,1.0,0.25763358778625955,14.05622517500091,0.20001153314376438,20
44,25,1.0,native_pq,fedavg,label_flip,0.2,0.6522435897435898,0.5756410256410256,0.6679611650485436,0.882051282051282,0.7602209944751381,0.882051282051282,0.2692307692307692,0.6736641221374046,14.119249704999712,0.19910120869244136,20
44,25,1.0,native_pq,median,label_flip,0.2,0.375,,0.0,0.0,0.0,0.0,1.0,0.25763358778625955,13.920838640000184,0.21116533006867572,20
44,25,1.0,native_pq,krum,label_flip,0.2,0.375,,0.0,0.0,0.0,0.0,1.0,0.25763358778625955,14.074917604998737,0.27534762948552916,20
44,25,1.0,native_pq,krum,sign_flip,0.2,0.375,,0.0,0.0,0.0,0.0,1.0,0.25763358778625955,14.097411539998976,0.2714974991479899,20
55,25,0.1,classical,fedavg,none,0.0,0.3525641025641026,0.4632478632478632,0.26666666666666666,0.020512820512820513,0.0380952380952381,0.020512820512820513,0.905982905982906,0.27099236641221375,14.204232004999472,0.27296638647748245,20
55,25,0.1,hybrid_pq,fedavg,none,0.0,0.3525641025641026,0.4632478632478632,0.26666666666666666,0.020512820512820513,0.0380952380952381,0.020512820512820513,0.905982905982906,0.27099236641221375,14.159586189999791,0.2642551216681415,20
55,25,0.1,native_pq,fedavg,none,0.0,0.3525641025641026,0.4632478632478632,0.26666666666666666,0.020512820512820513,0.0380952380952381,0.020512820512820513,0.905982905982906,0.27099236641221375,14.138693495000954,0.257145664921883,20
55,25,0.5,classical,fedavg,none,0.0,0.3525641025641026,0.4632478632478632,0.26666666666666666,0.020512820512820513,0.0380952380952381,0.020512820512820513,0.905982905982906,0.2729007633587786,14.023166805000187,0.27604045139223077,20
55,25,0.5,hybrid_pq,fedavg,none,0.0,0.3525641025641026,0.4632478632478632,0.26666666666666666,0.020512820512820513,0.0380952380952381,0.020512820512820513,0.905982905982906,0.2729007633587786,14.032800610000814,0.24726995490037637,20
55,25,0.5,native_pq,fedavg,none,0.0,0.3525641025641026,0.4632478632478632,0.26666666666666666,0.020512820512820513,0.0380952380952381,0.020512820512820513,0.905982905982906,0.2729007633587786,14.09609142000085,0.26429928850679596,20
55,25,1.0,classical,fedavg,none,0.0,0.3525641025641026,0.4632478632478632,0.26666666666666666,0.020512820512820513,0.0380952380952381,0.020512820512820513,0.905982905982906,0.2729007633587786,14.13301538000062,0.25556606404881754,20
55,25,1.0,hybrid_pq,fedavg,none,0.0,0.3525641025641026,0.4632478632478632,0.26666666666666666,0.020512820512820513,0.0380952380952381,0.020512820512820513,0.905982905982906,0.2729007633587786,14.152676480000846,0.2626656829903871,20
55,25,1.0,native_pq,fedavg,none,0.0,0.3525641025641026,0.4632478632478632,0.26666666666666666,0.020512820512820513,0.0380952380952381,0.020512820512820513,0.905982905982906,0.2729007633587786,14.20253459000127,0.23882736465782087,20
55,5,1.0,classical,fedavg,none,0.0,0.7259615384615384,0.726923076923077,0.8173913043478261,0.7230769230769231,0.7673469387755102,0.7230769230769231,0.7307692307692307,0.7175572519083969,12.017872329998376,0.2131379414599468,20
55,5,1.0,hybrid_pq,fedavg,none,0.0,0.7259615384615384,0.726923076923077,0.8173913043478261,0.7230769230769231,0.7673469387755102,0.7230769230769231,0.7307692307692307,0.7175572519083969,12.019533389998916,0.18422925618765135,20
55,5,1.0,native_pq,fedavg,none,0.0,0.7259615384615384,0.726923076923077,0.8173913043478261,0.7230769230769231,0.7673469387755102,0.7230769230769231,0.7307692307692307,0.7175572519083969,12.044699394999489,0.19233426032664852,20
55,10,1.0,classical,fedavg,none,0.0,0.717948717948718,0.7316239316239316,0.8407643312101911,0.676923076923077,0.75,0.676923076923077,0.7863247863247863,0.7099236641221374,12.374857919999098,0.2347630321718955,20
55,10,1.0,hybrid_pq,fedavg,none,0.0,0.717948717948718,0.7316239316239316,0.8407643312101911,0.676923076923077,0.75,0.676923076923077,0.7863247863247863,0.7099236641221374,12.369923545000143,0.2130098910695916,20
55,10,1.0,native_pq,fedavg,none,0.0,0.717948717948718,0.7316239316239316,0.8407643312101911,0.676923076923077,0.75,0.676923076923077,0.7863247863247863,0.7099236641221374,12.390797935000752,0.18648967566991315,20
55,25,1.0,classical,fedavg,none,0.0,0.3525641025641026,0.4632478632478632,0.26666666666666666,0.020512820512820513,0.0380952380952381,0.020512820512820513,0.905982905982906,0.2729007633587786,14.07351082500038,0.19338335525574935,20
55,25,1.0,hybrid_pq,fedavg,none,0.0,0.3525641025641026,0.4632478632478632,0.26666666666666666,0.020512820512820513,0.0380952380952381,0.020512820512820513,0.905982905982906,0.2729007633587786,14.168641420000167,0.29354935555458367,20
55,25,1.0,native_pq,fedavg,none,0.0,0.3525641025641026,0.4632478632478632,0.26666666666666666,0.020512820512820513,0.0380952380952381,0.020512820512820513,0.905982905982906,0.2729007633587786,14.131189805000067,0.20240270279234918,20
55,50,1.0,classical,fedavg,none,0.0,0.6153846153846154,0.49743589743589745,0.6237623762376238,0.9692307692307692,0.7590361445783133,0.9692307692307692,0.02564102564102564,0.7118320610687023,19.770513170001003,0.21827532130740157,20
55,50,1.0,hybrid_pq,fedavg,none,0.0,0.6153846153846154,0.49743589743589745,0.6237623762376238,0.9692307692307692,0.7590361445783133,0.9692307692307692,0.02564102564102564,0.7118320610687023,19.76140018999984,0.188478060907556,20
55,50,1.0,native_pq,fedavg,none,0.0,0.6153846153846154,0.49743589743589745,0.6237623762376238,0.9692307692307692,0.7590361445783133,0.9692307692307692,0.02564102564102564,0.7118320610687023,19.80029986999951,0.18712825597121696,20
55,25,1.0,native_pq,median,none,0.0,0.375,,0.0,0.0,0.0,0.0,1.0,0.25763358778625955,14.085465530000183,0.2842019943737119,20
55,25,1.0,native_pq,krum,none,0.0,0.375,,0.0,0.0,0.0,0.0,1.0,0.25763358778625955,14.029563204999468,0.24159569816019857,20
55,25,1.0,native_pq,fedavg,label_flip,0.1,0.36217948717948717,0.48205128205128206,0.1,0.002564102564102564,0.005,0.002564102564102564,0.9615384615384616,0.2538167938931298,14.204771105000365,0.25043732877018937,20
55,25,1.0,native_pq,median,label_flip,0.1,0.375,,0.0,0.0,0.0,0.0,1.0,0.25763358778625955,14.038160180000014,0.2310738176498493,20
55,25,1.0,native_pq,krum,label_flip,0.1,0.375,,0.0,0.0,0.0,0.0,1.0,0.25763358778625955,14.111541224999783,0.24212259029035044,20
55,25,1.0,native_pq,fedavg,label_flip,0.2,0.5528846153846154,0.5021367521367522,0.6264236902050114,0.7051282051282052,0.6634499396863691,0.7051282051282052,0.29914529914529914,0.5801526717557252,14.233392519998997,0.20153392557540883,20
55,25,1.0,native_pq,median,label_flip,0.2,0.375,,0.0,0.0,0.0,0.0,1.0,0.25763358778625955,14.06352479500023,0.2753866178332825,20
55,25,1.0,native_pq,krum,label_flip,0.2,0.375,,0.0,0.0,0.0,0.0,1.0,0.25763358778625955,14.111584074999374,0.24272644724314094,20
55,25,1.0,native_pq,krum,sign_flip,0.2,0.375,,0.0,0.0,0.0,0.0,1.0,0.25763358778625955,14.135636379999088,0.23493660384864343,20
